Address,Size,Type,Symbol
0x0040A270,0x0000001D,func,fn_0040A270
0x0040A28D,0x0000002C,func,fn_0040A28D
0x0040A2B9,0x0000003E,func,fn_0040A2B9
0x0040A2F7,0x00000042,func,fn_0040A2F7
0x0040A4ED,0x0000005E,func,fn_0040A4ED
0x0040A54B,0x00000022,func,fn_0040A54B
0x0040A56D,0x00000020,func,fn_0040A56D
0x0040A58D,0x000001D9,func,fn_0040A58D
0x0040A766,0x00000068,func,fn_0040A766
0x0040A7CE,0x00000030,func,fn_0040A7CE
0x0040A7FE,0x00000016,func,fn_0040A7FE
0x0040A8B0,0x00000075,func,fn_0040A8B0
0x0040A925,0x00000016,func,fn_0040A925
0x0040A93B,0x00000034,func,fn_0040A93B
0x0040A96F,0x00000038,func,fn_0040A96F
0x0040A9A7,0x00000017,func,fn_0040A9A7
0x0040A9BE,0x00000014,func,fn_0040A9BE
0x0040A9D2,0x00000033,func,fn_0040A9D2
0x0040AA05,0x000000E2,func,fn_0040AA05
0x0040AAE7,0x00000039,func,fn_0040AAE7
0x0040AB20,0x0000007C,func,fn_0040AB20
0x0040AB9C,0x0000010B,func,fn_0040AB9C
0x0040ACCF,0x000000C9,func,fn_0040ACCF
0x0040AD98,0x00000167,func,fn_0040AD98
0x0040AEFF,0x0000000C,func,?internal@@YAXPBGH@Z
0x0040AF0B,0x00000021,func,fn_0040AF0B
0x0040AF2C,0x00000021,func,fn_0040AF2C
0x0040AF4D,0x00000021,func,fn_0040AF4D
0x0040AF6E,0x0000001E,func,fn_0040AF6E
0x0040AF8C,0x0000001E,func,fn_0040AF8C
0x0040AFAA,0x000000FA,func,fn_0040AFAA
0x0040B0A4,0x00000053,func,fn_0040B0A4
0x0040B0F7,0x0000002D,func,fn_0040B0F7
0x0040B124,0x00000163,func,fn_0040B124
0x0040B287,0x000002B0,func,fn_0040B287
0x0040B537,0x000000E5,func,fn_0040B537
0x0040B61C,0x00000506,func,fn_0040B61C
0x0040BB22,0x000004BB,func,fn_0040BB22
0x0040BFDD,0x00000041,func,fn_0040BFDD
0x0040C01E,0x00000213,func,fn_0040C01E
0x0040C231,0x00000861,func,fn_0040C231
0x0040CAD4,0x0000005C,func,fn_0040CAD4
0x0040CB30,0x0000020E,func,fn_0040CB30
0x0040CDBF,0x00000284,func,fn_0040CDBF
0x0040D3A0,0x00000158,func,fn_0040D3A0
0x0040D4F8,0x00000195,func,fn_0040D4F8
0x0040D68D,0x00000021,func,fn_0040D68D
0x0040D6AF,0x00000307,func,fn_0040D6AF
0x0040DA63,0x0000008E,func,fn_0040DA63
0x0040DAF1,0x0000018B,func,fn_0040DAF1
0x0040DC7C,0x000000BB,func,fn_0040DC7C
0x0040DD37,0x000004F8,func,fn_0040DD37
0x0040E3D3,0x0000003D,func,fn_0040E3D3
0x0040E52E,0x000003D0,func,fn_0040E52E
0x0040E8FE,0x0000014B,func,fn_0040E8FE
0x0040EA49,0x00000237,func,fn_0040EA49
0x0040EC80,0x0000001F,func,fn_0040EC80
0x0040EC9F,0x00000019,func,fn_0040EC9F
0x0040ECF4,0x0000006C,func,fn_0040ECF4
0x0040ED60,0x0000033D,func,fn_0040ED60
0x0040F09D,0x00000680,func,fn_0040F09D
0x0040F777,0x000000DB,func,fn_0040F777
0x0040F852,0x00000020,func,fn_0040F852
0x0040F8A9,0x0000002A,func,fn_0040F8A9
0x0040F8D3,0x00000017,func,fn_0040F8D3
0x0040F8EA,0x0000005E,func,fn_0040F8EA
0x0040F948,0x00000044,func,fn_0040F948
0x0040F98C,0x0000002D,func,fn_0040F98C
0x0040F9B9,0x00000022,func,fn_0040F9B9
0x0040F9DB,0x0000006D,func,fn_0040F9DB
0x0040FA48,0x00000073,func,fn_0040FA48
0x0040FABB,0x000000C3,func,fn_0040FABB
0x0040FB7E,0x0000000E,func,fn_0040FB7E
0x0040FB8C,0x0000004B,func,fn_0040FB8C
0x0040FBD7,0x00000271,func,fn_0040FBD7
0x0040FE48,0x00000035,func,fn_0040FE48
0x0040FE7D,0x000000E5,func,fn_0040FE7D
0x0040FF62,0x000000F8,func,fn_0040FF62
0x0041005A,0x00000053,func,fn_0041005A
0x00410308,0x0000004D,func,fn_00410308
0x004104A0,0x00000256,func,fn_004104A0
0x004106F6,0x00000291,func,fn_004106F6
0x00410987,0x0000024D,func,fn_00410987
0x00410BD4,0x00000297,func,fn_00410BD4
0x00410E6B,0x000004CC,func,fn_00410E6B
0x00411522,0x0000017D,func,fn_00411522
0x004116A0,0x000000C2,func,fn_004116A0
0x00411763,0x0000029F,func,fn_00411763
0x00411A02,0x000001F8,func,fn_00411A02
0x00411BFA,0x00000061,func,?IsRunningUnderIDE@@YAHPAPAX@Z
0x00411C5B,0x00000030,func,?IsOutputToConsole@@YAHPAX@Z
0x00411C8B,0x00000022,func,?gobblewhite@@YAPAGPAG@Z
0x00411CAD,0x00000047,func,fn_00411CAD
0x00411CF5,0x00000085,func,fn_00411CF5
0x00411D7A,0x00000047,func,fn_00411D7A
0x00411DC2,0x0000005F,func,fn_00411DC2
0x00411E21,0x00000063,func,?strqlen@@YAHPBG@Z
0x00411E84,0x000000EC,func,?strqcpy@@YAPAGPAGPBG@Z
0x00411F70,0x0000005F,func,fn_00411F70
0x00411FCF,0x00000038,func,fn_00411FCF
0x00412007,0x000001AC,func,fn_00412007
0x004121B3,0x00000094,func,fn_004121B3
0x00412248,0x0000007A,func,fn_00412248
0x004122C2,0x00000046,func,fn_004122C2
0x00412309,0x000000D2,func,fn_00412309
0x004123DB,0x00000037,func,fn_004123DB
0x00412412,0x00000023,func,fn_00412412
0x00412436,0x00000029,func,fn_00412436
0x0041245F,0x0000000D,func,fn_0041245F
0x0041246C,0x000000AB,func,fn_0041246C
0x00412517,0x00000037,func,fn_00412517
0x0041254E,0x00000043,func,?done@@YAXH@Z
0x00412592,0x00000007,func,fn_00412592
0x0041261E,0x0000007B,func,?cmderr@@YAXKZZ
0x00412699,0x000000CD,func,fn_00412699
0x00412766,0x000001CD,func,fn_00412766
0x00412934,0x00000038,func,fn_00412934
0x0041296C,0x00000056,func,fn_0041296C
0x004129C2,0x00000094,func,fn_004129C2
0x00412A56,0x00000222,func,fn_00412A56
0x00412C78,0x00000069,func,fn_00412C78
0x00412CE1,0x000000C1,func,fn_00412CE1
0x00412DA2,0x00000021,func,fn_00412DA2
0x00412DC3,0x00000044,func,?ExecuteCleanupPass@@YAHPAUpassinfo_s@@PBG@Z
0x00412E07,0x00000381,func,?execute@@YAHHPAUpassinfo_s@@PBG1PAPAPBG@Z
0x00413188,0x0000004F,func,?NT_handling_function@@YGHK@Z
0x004131D7,0x0000000E,func,?OS_init@@YAXXZ
0x00418034,0x00000004,data,?RedirStderr@@3HA
0x004131E5,0x00000016,func,?redirect@@YAXXZ
0x0041A764,0x00000004,data,?currPassinfo@@3PAUpassinfo_s@@A
0x0041A760,0x00000004,data,?Spawning@@3HA
0x0041A768,0x00000004,data,?GotCtrlC@@3HA
0x004131FB,0x00000017,func,fn_004131FB
0x0041326B,0x000004D2,func,fn_0041326B
0x0041373D,0x000000E9,func,fn_0041373D
0x00413826,0x000000EB,func,fn_00413826

0x004010BC,0x00000000,imp,__imp__SetConsoleCtrlHandler@8
0x004010c0,0x00000000,imp,__imp__GetProcAddress@8
0x00401108,0x00000000,imp,__imp__GetModuleHandleW@4
0x004010e0,0x00000000,imp,__imp__GetFileType@4
0x004010e4,0x00000000,imp,__imp__GetConsoleMode@8

0x00413911,0x0000001C,func,?xnew@@YAPAXI@Z
0x0041392D,0x0000000E,func,?xfree@@YAXPAX@Z
0x0041393B,0x00000026,func,?xstrdup@@YAPAGPBG@Z
0x00413961,0x0000002D,func,fn_00413961
0x0041398E,0x00000019,func,fn_0041398E
0x004139A7,0x000000B4,func,fn_004139A7
0x00413A5C,0x00000072,func,fn_00413A5C
0x00413ACE,0x00000032,func,fn_00413ACE
0x00413B01,0x00000035,func,fn_00413B01
0x00413B37,0x00000034,func,fn_00413B37
0x00413BC1,0x00000028,func,fn_00413BC1
0x00413BE9,0x00000042,func,fn_00413BE9
0x00413C2B,0x00000035,func,fn_00413C2B
0x00413C60,0x000000CE,func,fn_00413C60
0x00413D2F,0x0000007B,func,fn_00413D2F
0x00413DC1,0x000000C2,func,fn_00413DC1
0x00413E83,0x00000077,func,fn_00413E83
0x00413EFA,0x0000003F,func,fn_00413EFA
0x00413F39,0x0000001F,func,fn_00413F39
0x00413F81,0x00000024,func,fn_00413F81
0x00413FA5,0x0000004A,func,fn_00413FA5
0x00413FF0,0x0000001E,func,fn_00413FF0
0x0041400E,0x0000003D,func,fn_0041400E
0x0041404B,0x00000041,func,fn_0041404B
0x0041408C,0x00000054,func,fn_0041408C
0x004140E0,0x00000026,func,fn_004140E0
0x0041415A,0x0000003D,func,fn_0041415A
0x00414197,0x0000001D,func,fn_00414197
0x004141B4,0x00000022,func,fn_004141B4
0x004141D6,0x0000007F,func,fn_004141D6
0x00414256,0x00000088,func,fn_00414256
0x004142DF,0x000000DA,func,fn_004142DF
0x004143B9,0x0000006B,func,fn_004143B9
0x00414448,0x00000056,func,fn_00414448
0x0041449E,0x0000003B,func,fn_0041449E
0x004144D9,0x0000009C,func,fn_004144D9
0x00414575,0x00000005,func,fn_00414575
0x0041457A,0x00000077,func,fn_0041457A
0x004145F1,0x0000005F,func,fn_004145F1
0x004146F1,0x00000010,func,fn_004146F1
0x00414701,0x00000028,func,fn_00414701
0x00414729,0x0000005D,func,fn_00414729
0x00414787,0x00000023,func,fn_00414787
0x004147F8,0x00000057,func,fn_004147F8
0x0041484F,0x00000038,func,fn_0041484F
0x00414887,0x00000029,func,fn_00414887
0x004148B0,0x00000101,func,fn_004148B0
0x00414A49,0x000000B3,func,fn_00414A49
0x00414AFD,0x00000047,func,fn_00414AFD
0x00414B44,0x00000066,func,fn_00414B44
0x00414BAB,0x00000156,func,fn_00414BAB
0x00414D02,0x000001A4,func,fn_00414D02
0x00415484,0x00000005,func,fn_00415484
0x0041566B,0x000002FC,func,fn_0041566B
0x00415968,0x00000005,func,fn_00415968
0x0041596D,0x00000005,func,fn_0041596D
0x00415972,0x00000005,func,fn_00415972
0x004159C2,0x00000189,func,fn_004159C2
0x00415C05,0x0000000A,func,fn_00415C05
0x00415C10,0x00000015,func,fn_00415C10
0x00415C25,0x00000098,func,fn_00415C25
0x00415CBD,0x00000009,func,fn_00415CBD
0x00415CC6,0x00000017,func,fn_00415CC6
0x00415D16,0x00000075,func,fn_00415D16
0x00415D90,0x0000002B,func,fn_00415D90
0x00415DC0,0x00000045,func,fn_00415DC0
0x00415E05,0x00000014,func,fn_00415E05
0x00415E40,0x00000068,func,fn_00415E40
0x00415EA8,0x00000012,func,fn_00415EA8
0x00415EC0,0x00000048,func,fn_00415EC0
0x00415F08,0x0000000F,func,fn_00415F08
0x00415F17,0x0000000D,func,fn_00415F17
0x00415F74,0x0000002C,func,fn_00415F74
0x00415FC6,0x00000006,func,fn_00415FC6
0x00415FD0,0x00000035,func,fn_00415FD0
0x00416010,0x00000044,func,fn_00416010
0x00416060,0x000000BC,func,fn_00416060
0x0041611C,0x00000034,func,fn_0041611C
0x00416153,0x0000009B,func,fn_00416153
0x004161EE,0x00000106,func,fn_004161EE
0x004162F4,0x00000022,func,fn_004162F4
0x00416316,0x00000042,func,fn_00416316
0x004012C8,0x00000004,data,str_004012C8
0x004012CC,0x00000004,data,str_004012CC
0x004012D0,0x00000004,data,str_004012D0
0x004012DC,0x00000004,data,str_004012DC
0x004012E4,0x00000004,data,str_004012E4
0x00401324,0x00000012,data,wstr_00401324
0x00401338,0x00000012,data,wstr_00401338
0x00401354,0x0000000E,data,wstr_00401354
0x00401364,0x00000008,data,wstr_00401364
0x00401370,0x00000014,data,wstr_00401370
0x00401384,0x00000008,data,wstr_00401384
0x0040138C,0x00000008,data,wstr_0040138C
0x00401394,0x00000008,data,wstr_00401394
0x0040139C,0x00000008,data,wstr_0040139C
0x004013A4,0x00000008,data,wstr_004013A4
0x004013B4,0x00000008,data,wstr_004013B4
0x004013BC,0x00000008,data,wstr_004013BC
0x004013C4,0x00000012,data,wstr_004013C4
0x004013E0,0x00000010,data,wstr_004013E0
0x004013F0,0x0000000C,data,wstr_004013F0
0x004013FC,0x0000000A,data,wstr_004013FC
0x00401408,0x0000001C,data,wstr_00401408
0x00401424,0x0000000A,data,wstr_00401424
0x00401430,0x0000001C,data,wstr_00401430
0x00401470,0x00000018,data,wstr_00401470
0x00401488,0x0000000C,data,wstr_00401488
0x00401494,0x0000000C,data,wstr_00401494
0x004014D0,0x0000002E,data,wstr_004014D0
0x00401518,0x0000002E,data,wstr_00401518
0x00401560,0x0000001E,data,wstr_00401560
0x004015A4,0x0000001A,data,wstr_004015A4
0x004015C0,0x00000024,data,wstr_004015C0
0x0040160C,0x00000024,data,wstr_0040160C
0x00401658,0x0000001C,data,wstr_00401658
0x00401698,0x0000001E,data,wstr_00401698
0x004016DC,0x0000001C,data,wstr_004016DC
0x004016F8,0x00000020,data,wstr_004016F8
0x00401718,0x00000018,data,wstr_00401718
0x00401750,0x00000018,data,wstr_00401750
0x00401768,0x00000012,data,wstr_00401768
0x0040177C,0x00000010,data,wstr_0040177C
0x0040178C,0x00000020,data,wstr_0040178C
0x004017AC,0x0000001C,data,wstr_004017AC
0x004017C8,0x00000022,data,wstr_004017C8
0x004017EC,0x0000001C,data,wstr_004017EC
0x00401808,0x0000003C,data,wstr_00401808
0x00401868,0x0000002C,data,wstr_00401868
0x00401894,0x0000001A,data,wstr_00401894
0x004018B0,0x00000042,data,wstr_004018B0
0x00401920,0x00000042,data,wstr_00401920
0x0040198C,0x0000003A,data,wstr_0040198C
0x004019EC,0x0000002C,data,wstr_004019EC
0x00401A40,0x00000026,data,wstr_00401A40
0x00401A88,0x0000003C,data,wstr_00401A88
0x00401AE8,0x00000054,data,wstr_00401AE8
0x00401B3C,0x0000001C,data,wstr_00401B3C
0x00401B58,0x00000018,data,wstr_00401B58
0x00401B70,0x0000007C,data,wstr_00401B70
0x00401BEC,0x00000020,data,wstr_00401BEC
0x00401C0C,0x00000020,data,wstr_00401C0C
0x00401C30,0x0000006C,data,wstr_00401C30
0x00401CC0,0x0000004E,data,wstr_00401CC0
0x00401D10,0x00000018,data,wstr_00401D10
0x00401D28,0x00000012,data,wstr_00401D28
0x00401D3C,0x0000001C,data,wstr_00401D3C
0x00401D58,0x00000016,data,wstr_00401D58
0x00401D70,0x00000012,data,wstr_00401D70
0x00401D84,0x00000014,data,wstr_00401D84
0x00401D98,0x00000014,data,wstr_00401D98
0x00401DAC,0x00000010,data,wstr_00401DAC
0x00401DC2,0x0000001C,data,wstr_00401DC2
0x00401DE0,0x0000000C,data,wstr_00401DE0
0x00401DEC,0x00000022,data,wstr_00401DEC
0x00401E18,0x0000000A,data,wstr_00401E18
0x00401E24,0x0000001E,data,wstr_00401E24
0x00401E4A,0x0000001E,data,wstr_00401E4A
0x00401E68,0x0000000C,data,wstr_00401E68
0x00401E74,0x00000022,data,wstr_00401E74
0x00401E9E,0x0000001E,data,wstr_00401E9E
0x00401EBC,0x00000008,data,wstr_00401EBC
0x00401EC4,0x00000016,data,wstr_00401EC4
0x00401EDC,0x00000008,data,wstr_00401EDC
0x00401EE4,0x00000020,data,wstr_00401EE4
0x00401F08,0x00000052,data,wstr_00401F08
0x00401F64,0x0000000E,data,wstr_00401F64
0x00401F78,0x00000040,data,wstr_00401F78
0x00401FC0,0x00000010,data,wstr_00401FC0
0x00401FD0,0x00000030,data,wstr_00401FD0
0x00402000,0x00000010,data,wstr_00402000
0x00402010,0x00000034,data,wstr_00402010
0x00402044,0x0000001C,data,wstr_00402044
0x00402060,0x00000032,data,wstr_00402060
0x00402094,0x0000001C,data,wstr_00402094
0x004020B0,0x0000001E,data,wstr_004020B0
0x004020D0,0x0000002C,data,wstr_004020D0
0x004020FC,0x0000001A,data,wstr_004020FC
0x00402118,0x00000012,data,wstr_00402118
0x0040212C,0x00000012,data,wstr_0040212C
0x00402140,0x00000014,data,wstr_00402140
0x00402154,0x0000000A,data,wstr_00402154
0x00402160,0x00000010,data,wstr_00402160
0x00402170,0x00000018,data,wstr_00402170
0x00402188,0x00000038,data,wstr_00402188
0x004021C0,0x00000018,data,wstr_004021C0
0x004021D8,0x0000001A,data,wstr_004021D8
0x004021F4,0x00000032,data,wstr_004021F4
0x00402228,0x00000016,data,wstr_00402228
0x00402240,0x0000001A,data,wstr_00402240
0x0040225C,0x0000002C,data,wstr_0040225C
0x00402288,0x0000001A,data,wstr_00402288
0x004022A4,0x0000001C,data,wstr_004022A4
0x004022C0,0x0000002C,data,wstr_004022C0
0x004022EC,0x00000018,data,wstr_004022EC
0x00402304,0x00000008,data,wstr_00402304
0x0040230C,0x0000003A,data,wstr_0040230C
0x00402348,0x0000005A,data,wstr_00402348
0x004023AA,0x0000001C,data,wstr_004023AA
0x004023C8,0x00000008,data,wstr_004023C8
0x004023D0,0x000000B8,data,wstr_004023D0
0x00402490,0x00000026,data,wstr_00402490
0x004024B8,0x00000040,data,wstr_004024B8
0x004024F8,0x00000018,data,wstr_004024F8
0x00402518,0x0000000C,data,wstr_00402518
0x00402524,0x0000000C,data,wstr_00402524
0x0040253C,0x00000012,data,wstr_0040253C
0x0040255C,0x0000000C,data,wstr_0040255C
0x00402568,0x00000074,data,wstr_00402568
0x004025E8,0x0000000E,data,wstr_004025E8
0x00402600,0x00000014,data,wstr_00402600
0x00402618,0x00000098,data,wstr_00402618
0x004026BC,0x0000003E,data,wstr_004026BC
0x0040270E,0x00000056,data,wstr_0040270E
0x0040276E,0x00000056,data,wstr_0040276E
0x004027CE,0x00000056,data,wstr_004027CE
0x0040282E,0x00000056,data,wstr_0040282E
0x0040288E,0x00000056,data,wstr_0040288E
0x004028EE,0x00000056,data,wstr_004028EE
0x0040294E,0x00000056,data,wstr_0040294E
0x004029A4,0x00000036,data,wstr_004029A4
0x004029E0,0x0000000A,data,wstr_004029E0
0x004029EC,0x0000001A,data,wstr_004029EC
0x00402A0C,0x00000014,data,wstr_00402A0C
0x00402A20,0x0000002E,data,wstr_00402A20
0x00402A50,0x0000000A,data,wstr_00402A50
0x00402A5C,0x00000008,data,wstr_00402A5C
0x00402A64,0x00000008,data,wstr_00402A64
0x00402A6C,0x0000000A,data,wstr_00402A6C
0x00402A80,0x00000008,data,wstr_00402A80
0x00402A88,0x00000008,data,wstr_00402A88
0x00402A90,0x0000000A,data,wstr_00402A90
0x00402AA4,0x00000014,data,wstr_00402AA4
0x00402AB8,0x00000008,data,wstr_00402AB8
0x00402AC0,0x00000014,data,wstr_00402AC0
0x00402AD4,0x00000008,data,wstr_00402AD4
0x00402ADC,0x00000014,data,wstr_00402ADC
0x00402AF0,0x00000008,data,wstr_00402AF0
0x00402AF8,0x0000000A,data,wstr_00402AF8
0x00402B04,0x00000008,data,wstr_00402B04
0x00402B0C,0x0000000A,data,wstr_00402B0C
0x00402B18,0x0000000C,data,wstr_00402B18
0x00402B24,0x00000008,data,wstr_00402B24
0x00402B2C,0x0000000C,data,wstr_00402B2C
0x00402B38,0x00000010,data,wstr_00402B38
0x00402B4E,0x00000010,data,wstr_00402B4E
0x00402B68,0x0000000A,data,wstr_00402B68
0x00402B80,0x0000000E,data,wstr_00402B80
0x00402B98,0x0000000E,data,wstr_00402B98
0x00402BB0,0x0000000C,data,wstr_00402BB0
0x00402BBC,0x0000000E,data,wstr_00402BBC
0x00402BF0,0x0000005A,data,wstr_00402BF0
0x00402C4C,0x0000001A,data,wstr_00402C4C
0x00402C68,0x00000016,data,wstr_00402C68
0x00402C8C,0x00000014,data,wstr_00402C8C
0x00402CA0,0x00000084,data,wstr_00402CA0
0x00402D28,0x00000010,data,wstr_00402D28
0x00402D38,0x00000010,data,wstr_00402D38
0x00402D48,0x00000012,data,wstr_00402D48
0x00402D60,0x00000060,data,wstr_00402D60
0x00402DC0,0x00000008,data,wstr_00402DC0
0x00402DC8,0x00000008,data,wstr_00402DC8
0x00402DD0,0x0000000A,data,wstr_00402DD0
0x00402DE4,0x00000008,data,wstr_00402DE4
0x00402DEC,0x00000008,data,wstr_00402DEC
0x00402DF4,0x0000000A,data,wstr_00402DF4
0x00402E00,0x00000016,data,wstr_00402E00
0x00402E20,0x00000010,data,wstr_00402E20
0x00402E30,0x00000010,data,wstr_00402E30
0x00402E40,0x00000012,data,wstr_00402E40
0x00402E54,0x00000024,data,wstr_00402E54
0x00402E78,0x0000000E,data,wstr_00402E78
0x00402E88,0x00000032,data,wstr_00402E88
0x00402EC0,0x0000005E,data,wstr_00402EC0
0x00402F20,0x0000002C,data,wstr_00402F20
0x00402F50,0x00000052,data,wstr_00402F50
0x00402FA4,0x00000008,data,wstr_00402FA4
0x00402FB0,0x0000004A,data,wstr_00402FB0
0x00403000,0x00000048,data,wstr_00403000
0x00403048,0x00000042,data,wstr_00403048
0x0040308C,0x0000003C,data,wstr_0040308C
0x004030D0,0x00000058,data,wstr_004030D0
0x00403128,0x00000012,data,wstr_00403128
0x00403140,0x00000040,data,wstr_00403140
0x00403188,0x00000008,data,wstr_00403188
0x00403190,0x00000068,data,wstr_00403190
0x004031F8,0x00000026,data,wstr_004031F8
0x00403220,0x00000054,data,wstr_00403220
0x00403284,0x00000024,data,wstr_00403284
0x004032A8,0x0000006A,data,wstr_004032A8
0x00403318,0x0000001C,data,wstr_00403318
0x00403348,0x00000042,data,wstr_00403348
0x00403398,0x0000001A,data,wstr_00403398
0x004033C0,0x0000000A,data,wstr_004033C0
0x004033CC,0x0000000C,data,wstr_004033CC
0x004033E4,0x0000000A,data,wstr_004033E4
0x004033F0,0x0000000A,data,wstr_004033F0
0x004033FC,0x00000008,data,wstr_004033FC
0x00403404,0x00000008,data,wstr_00403404
0x0040340C,0x0000000A,data,wstr_0040340C
0x00403420,0x00000024,data,wstr_00403420
0x00403444,0x0000002A,data,wstr_00403444
0x00403470,0x0000000A,data,wstr_00403470
0x00403480,0x0000004C,data,wstr_00403480
0x004034D4,0x0000002E,data,wstr_004034D4
0x00403504,0x0000001E,data,wstr_00403504
0x00403524,0x00000008,data,wstr_00403524
0x0040352C,0x0000000A,data,wstr_0040352C
0x00403538,0x00000034,data,wstr_00403538
0x00403574,0x00000008,data,wstr_00403574
0x0040357C,0x00000008,data,wstr_0040357C
0x00403584,0x00000008,data,wstr_00403584
0x0040358C,0x00000036,data,wstr_0040358C
0x004035C4,0x0000002A,data,wstr_004035C4
0x00403600,0x00000008,data,wstr_00403600
0x00403608,0x0000000A,data,wstr_00403608
0x0040361C,0x00000008,data,wstr_0040361C
0x00403624,0x0000000A,data,wstr_00403624
0x00403638,0x00000008,data,wstr_00403638
0x00403640,0x00000036,data,wstr_00403640
0x00403678,0x00000024,data,wstr_00403678
0x0040369C,0x0000000A,data,wstr_0040369C
0x004036B0,0x0000004A,data,wstr_004036B0
0x00403708,0x00000028,data,wstr_00403708
0x00403730,0x0000004A,data,wstr_00403730
0x00403788,0x00000026,data,wstr_00403788
0x004037B0,0x00000030,data,wstr_004037B0
0x004037E0,0x00000034,data,wstr_004037E0
0x00403814,0x00000014,data,wstr_00403814
0x00403830,0x00000024,data,wstr_00403830
0x00403854,0x00000018,data,wstr_00403854
0x0040386C,0x00000016,data,wstr_0040386C
0x00403884,0x0000003C,data,wstr_00403884
0x004038C0,0x0000001C,data,wstr_004038C0
0x004038DC,0x00000010,data,wstr_004038DC
0x004038EC,0x0000002A,data,wstr_004038EC
0x00403918,0x0000001C,data,wstr_00403918
0x00403934,0x00000018,data,wstr_00403934
0x0040394C,0x00000008,data,wstr_0040394C
0x00403954,0x00000014,data,wstr_00403954
0x00403968,0x00000018,data,wstr_00403968
0x00403980,0x00000016,data,wstr_00403980
0x00403998,0x00000036,data,wstr_00403998
0x004039D0,0x00000040,data,wstr_004039D0
0x00403A10,0x00000020,data,wstr_00403A10
0x00403A30,0x00000014,data,wstr_00403A30
0x00403A44,0x0000000C,data,wstr_00403A44
0x00403A50,0x0000002E,data,wstr_00403A50
0x00403A8C,0x00000038,data,wstr_00403A8C
0x00403AC8,0x00000072,data,wstr_00403AC8
0x00403B48,0x0000001E,data,wstr_00403B48
0x00403B68,0x0000002A,data,wstr_00403B68
0x00403BA0,0x00000034,data,wstr_00403BA0
0x00403BE0,0x00000034,data,wstr_00403BE0
0x00403C28,0x0000001C,data,wstr_00403C28
0x00403C48,0x00000040,data,wstr_00403C48
0x00403C94,0x0000001E,data,wstr_00403C94
0x00403CC8,0x0000000C,data,wstr_00403CC8
0x00403CD8,0x00000080,data,wstr_00403CD8
0x00403D64,0x00000014,data,wstr_00403D64
0x00403D78,0x00000016,data,wstr_00403D78
0x00403D90,0x00000018,data,wstr_00403D90
0x00403DB4,0x0000001E,data,wstr_00403DB4
0x00403DD4,0x0000001A,data,wstr_00403DD4
0x00403DF0,0x00000036,data,wstr_00403DF0
0x00403E28,0x00000012,data,wstr_00403E28
0x00403E3C,0x00000014,data,wstr_00403E3C
0x00403E50,0x00000012,data,wstr_00403E50
0x00403E68,0x0000004A,data,wstr_00403E68
0x00403EB4,0x00000010,data,wstr_00403EB4
0x00403EC8,0x00000056,data,wstr_00403EC8
0x00403F30,0x00000070,data,wstr_00403F30
0x00403FA8,0x00000008,data,wstr_00403FA8
0x00403FB0,0x00000068,data,wstr_00403FB0
0x0040401C,0x0000003A,data,wstr_0040401C
0x00404058,0x0000000A,data,wstr_00404058
0x00404064,0x00000010,data,wstr_00404064
0x00404074,0x0000000C,data,wstr_00404074
0x00404080,0x00000048,data,wstr_00404080
0x004040C8,0x00000008,data,wstr_004040C8
0x004040D0,0x00000012,data,wstr_004040D0
0x004040EC,0x00000012,data,wstr_004040EC
0x00404100,0x00000014,data,wstr_00404100
0x00404114,0x00000012,data,wstr_00404114
0x00404128,0x00000010,data,wstr_00404128
0x00404138,0x0000000C,data,wstr_00404138
0x00404150,0x0000000A,data,wstr_00404150
0x00404168,0x0000000A,data,wstr_00404168
0x00404180,0x0000000A,data,wstr_00404180
0x0040419C,0x00000014,data,wstr_0040419C
0x004041C4,0x0000002C,data,wstr_004041C4
0x004041F0,0x00000014,data,wstr_004041F0
0x00404204,0x00000014,data,wstr_00404204
0x00404218,0x00000008,data,wstr_00404218
0x00404220,0x00000014,data,wstr_00404220
0x00404234,0x00000012,data,wstr_00404234
0x00404248,0x0000002E,data,wstr_00404248
0x00404278,0x0000000A,data,wstr_00404278
0x00404284,0x0000000C,data,wstr_00404284
0x00404290,0x00000042,data,wstr_00404290
0x004042D4,0x00000008,data,wstr_004042D4
0x004042DC,0x00000036,data,wstr_004042DC
0x00404314,0x00000012,data,wstr_00404314
0x00404328,0x00000014,data,wstr_00404328
0x0040433C,0x00000008,data,wstr_0040433C
0x00404348,0x0000004A,data,wstr_00404348
0x00404394,0x00000010,data,wstr_00404394
0x004043A4,0x00000012,data,wstr_004043A4
0x004043B8,0x00000008,data,wstr_004043B8
0x004043C0,0x000000DE,data,wstr_004043C0
0x004044A0,0x00000008,data,wstr_004044A0
0x004044A8,0x00000008,data,wstr_004044A8
0x004044B0,0x00000008,data,wstr_004044B0
0x004044B8,0x00000014,data,wstr_004044B8
0x004044CC,0x0000000E,data,wstr_004044CC
0x004044E0,0x0000000E,data,wstr_004044E0
0x004044F4,0x0000000A,data,wstr_004044F4
0x00404500,0x00000016,data,wstr_00404500
0x00404518,0x0000001A,data,wstr_00404518
0x00404534,0x0000002E,data,wstr_00404534
0x00404570,0x0000003A,data,wstr_00404570
0x004045C0,0x000000A0,data,wstr_004045C0
0x00404670,0x0000004E,data,wstr_00404670
0x004046CC,0x00000028,data,wstr_004046CC
0x00404700,0x00000008,data,wstr_00404700
0x00404708,0x0000002E,data,wstr_00404708
0x00404744,0x00000008,data,wstr_00404744
0x0040474C,0x00000008,data,wstr_0040474C
0x00404754,0x0000000A,data,wstr_00404754
0x00404768,0x00000010,data,wstr_00404768
0x00404778,0x00000026,data,wstr_00404778
0x004047A0,0x00000030,data,wstr_004047A0
0x004047E4,0x0000000A,data,wstr_004047E4
0x004047FC,0x0000000E,data,wstr_004047FC
0x0040480C,0x0000000A,data,wstr_0040480C
0x00404824,0x0000000A,data,wstr_00404824
0x00404834,0x0000000C,data,wstr_00404834
0x00404840,0x00000012,data,wstr_00404840
0x00404854,0x00000014,data,wstr_00404854
0x00404878,0x00000012,data,wstr_00404878
0x0040488C,0x00000010,data,wstr_0040488C
0x0040489C,0x00000016,data,wstr_0040489C
0x004048B4,0x00000014,data,wstr_004048B4
0x004048C8,0x00000014,data,wstr_004048C8
0x004048DC,0x00000024,data,wstr_004048DC
0x00404900,0x00000012,data,wstr_00404900
0x00404914,0x00000038,data,wstr_00404914
0x0040494C,0x0000000A,data,wstr_0040494C
0x00404958,0x00000036,data,wstr_00404958
0x00404990,0x00000018,data,wstr_00404990
0x004049A8,0x0000003C,data,wstr_004049A8
0x004049E4,0x00000018,data,wstr_004049E4
0x00404A00,0x00000042,data,wstr_00404A00
0x00404A44,0x00000012,data,wstr_00404A44
0x00404A58,0x00000040,data,wstr_00404A58
0x00404A98,0x00000010,data,wstr_00404A98
0x00404AA8,0x00000008,data,wstr_00404AA8
0x00404AB0,0x0000003C,data,wstr_00404AB0
0x00404AEC,0x00000032,data,wstr_00404AEC
0x00404B20,0x0000000C,data,wstr_00404B20
0x00404B2C,0x0000003C,data,wstr_00404B2C
0x00404B68,0x00000034,data,wstr_00404B68
0x00404B9C,0x0000000C,data,wstr_00404B9C
0x00404BA8,0x0000003C,data,wstr_00404BA8
0x00404BE4,0x00000032,data,wstr_00404BE4
0x00404C18,0x0000000C,data,wstr_00404C18
0x00404C24,0x0000003C,data,wstr_00404C24
0x00404C60,0x00000032,data,wstr_00404C60
0x00404C94,0x0000000C,data,wstr_00404C94
0x00404CA0,0x00000040,data,wstr_00404CA0
0x00404CE0,0x00000018,data,wstr_00404CE0
0x00404CF8,0x0000001C,data,wstr_00404CF8
0x00404D14,0x00000020,data,wstr_00404D14
0x00404D38,0x0000005C,data,wstr_00404D38
0x00404DA0,0x00000060,data,wstr_00404DA0
0x00404E00,0x0000000A,data,wstr_00404E00
0x00404E10,0x00000060,data,wstr_00404E10
0x00404E70,0x0000000A,data,wstr_00404E70
0x00404E80,0x00000060,data,wstr_00404E80
0x00404EE0,0x0000000A,data,wstr_00404EE0
0x00404EEC,0x0000002A,data,wstr_00404EEC
0x00404F18,0x0000006C,data,wstr_00404F18
0x00404F84,0x0000000A,data,wstr_00404F84
0x00404F9C,0x00000008,data,wstr_00404F9C
0x00404FAC,0x0000001C,data,wstr_00404FAC
0x00404FC8,0x00000008,data,wstr_00404FC8
0x00404FD0,0x00000018,data,wstr_00404FD0
0x00404FF0,0x00000010,data,wstr_00404FF0
0x00405000,0x00000018,data,wstr_00405000
0x00405020,0x00000034,data,wstr_00405020
0x0040505C,0x0000002C,data,wstr_0040505C
0x00405088,0x00000052,data,wstr_00405088
0x004050EC,0x00000008,data,wstr_004050EC
0x00405100,0x00000054,data,wstr_00405100
0x00405154,0x00000028,data,wstr_00405154
0x00405184,0x00000014,data,wstr_00405184
0x00405198,0x00000008,data,wstr_00405198
0x004051A0,0x00000014,data,wstr_004051A0
0x004051B4,0x00000008,data,wstr_004051B4
0x004051BC,0x00000008,data,wstr_004051BC
0x004051C4,0x00000014,data,wstr_004051C4
0x004051D8,0x00000008,data,wstr_004051D8
0x004051E0,0x00000034,data,wstr_004051E0
0x00405218,0x00000062,data,wstr_00405218
0x00405288,0x00000044,data,wstr_00405288
0x004052D0,0x00000040,data,wstr_004052D0
0x00405310,0x00000052,data,wstr_00405310
0x0040536C,0x00000008,data,wstr_0040536C
0x00405374,0x00000014,data,wstr_00405374
0x00405390,0x00000042,data,wstr_00405390
0x004053E0,0x0000000C,data,wstr_004053E0
0x004053F8,0x00000008,data,wstr_004053F8
0x00405400,0x00000022,data,wstr_00405400
0x00405428,0x00000068,data,wstr_00405428
0x00405490,0x00000008,data,wstr_00405490
0x004054A0,0x0000003A,data,wstr_004054A0
0x004054E0,0x00000050,data,wstr_004054E0
0x0040555C,0x00000034,data,wstr_0040555C
0x00405598,0x0000000E,data,wstr_00405598
0x004055A8,0x00000038,data,wstr_004055A8
0x004055E0,0x00000008,data,wstr_004055E0
0x004055E8,0x0000000A,data,wstr_004055E8
0x004055F4,0x0000002C,data,wstr_004055F4
0x00405620,0x0000006C,data,wstr_00405620
0x00405694,0x0000000A,data,wstr_00405694
0x004056A0,0x00000016,data,wstr_004056A0
0x004056C0,0x00000008,data,wstr_004056C0
0x004056C8,0x00000008,data,wstr_004056C8
0x004056D0,0x00000014,data,wstr_004056D0
0x004056E4,0x0000002C,data,wstr_004056E4
0x00405716,0x00000032,data,wstr_00405716
0x00405748,0x00000094,data,wstr_00405748
0x004057E4,0x00000008,data,wstr_004057E4
0x004057EC,0x00000008,data,wstr_004057EC
0x004057F4,0x0000000A,data,wstr_004057F4
0x00405808,0x0000000C,data,wstr_00405808
0x00405814,0x00000016,data,wstr_00405814
0x00405834,0x00000034,data,wstr_00405834
0x00405868,0x00000012,data,wstr_00405868
0x004058A0,0x00000050,data,wstr_004058A0
0x004058FC,0x0000000A,data,wstr_004058FC
0x00405908,0x00000034,data,wstr_00405908
0x00405940,0x00000052,data,wstr_00405940
0x004059A0,0x00000028,data,wstr_004059A0
0x004059C8,0x0000004E,data,wstr_004059C8
0x00405A24,0x00000018,data,wstr_00405A24
0x00405A3C,0x00000024,data,wstr_00405A3C
0x00405A6C,0x0000000A,data,wstr_00405A6C
0x00405A78,0x0000000A,data,wstr_00405A78
0x00405A84,0x0000001C,data,wstr_00405A84
0x00405AA0,0x0000000C,data,wstr_00405AA0
0x00405AAC,0x00000028,data,wstr_00405AAC
0x00405AD4,0x00000008,data,wstr_00405AD4
0x00405ADC,0x00000026,data,wstr_00405ADC
0x00405B04,0x0000000A,data,wstr_00405B04
0x00405B10,0x00000016,data,wstr_00405B10
0x00405B28,0x0000000A,data,wstr_00405B28
0x00405B38,0x00000058,data,wstr_00405B38
0x00405B90,0x00000008,data,wstr_00405B90
0x00405B98,0x00000026,data,wstr_00405B98
0x00405BC0,0x00000008,data,wstr_00405BC0
0x00405BC8,0x0000000A,data,wstr_00405BC8
0x00405BD4,0x0000001E,data,wstr_00405BD4
0x00405BF8,0x00000050,data,wstr_00405BF8
0x00405C48,0x00000008,data,wstr_00405C48
0x00405C50,0x00000010,data,wstr_00405C50
0x00405C6C,0x00000008,data,wstr_00405C6C
0x00405C74,0x00000010,data,wstr_00405C74
0x00405C84,0x0000003A,data,wstr_00405C84
0x00405CCC,0x00000022,data,wstr_00405CCC
0x00405D04,0x0000001A,data,wstr_00405D04
0x00405D30,0x0000001A,data,wstr_00405D30
0x00405D5C,0x0000001A,data,wstr_00405D5C
0x00405D86,0x0000001A,data,wstr_00405D86
0x00405DB0,0x0000001A,data,wstr_00405DB0
0x00405DE2,0x0000001A,data,wstr_00405DE2
0x00405E0C,0x0000001A,data,wstr_00405E0C
0x00405E3A,0x0000001A,data,wstr_00405E3A
0x00405E66,0x0000001A,data,wstr_00405E66
0x00405E92,0x0000001A,data,wstr_00405E92
0x00405EBE,0x0000001A,data,wstr_00405EBE
0x00405EEA,0x0000001A,data,wstr_00405EEA
0x00405F14,0x0000001A,data,wstr_00405F14
0x00405F40,0x0000001A,data,wstr_00405F40
0x00405F6C,0x0000001A,data,wstr_00405F6C
0x00405F98,0x0000001A,data,wstr_00405F98
0x00405FC4,0x0000001A,data,wstr_00405FC4
0x00405FEC,0x0000001A,data,wstr_00405FEC
0x0040601A,0x0000001A,data,wstr_0040601A
0x00406044,0x0000001A,data,wstr_00406044
0x0040606A,0x0000001A,data,wstr_0040606A
0x00406084,0x0000000C,data,wstr_00406084
0x0040609A,0x0000001A,data,wstr_0040609A
0x004060EC,0x0000000A,data,wstr_004060EC
0x004060F8,0x0000000A,data,wstr_004060F8
0x00406104,0x00000008,data,wstr_00406104
0x0040610C,0x00000008,data,wstr_0040610C
0x00406114,0x00000008,data,wstr_00406114
0x0040611C,0x00000008,data,wstr_0040611C
0x00406124,0x00000018,data,wstr_00406124
0x0040613C,0x0000001A,data,wstr_0040613C
0x00406158,0x0000000C,data,wstr_00406158
0x00406164,0x00000012,data,wstr_00406164
0x00406178,0x0000001E,data,wstr_00406178
0x00406198,0x00000034,data,wstr_00406198
0x004061CC,0x00000020,data,wstr_004061CC
0x004061EC,0x00000008,data,wstr_004061EC
0x004061F4,0x0000000A,data,wstr_004061F4
0x00406200,0x0000001A,data,wstr_00406200
0x0040621C,0x00000014,data,wstr_0040621C
0x00406230,0x00000008,data,wstr_00406230
0x00406238,0x0000000A,data,wstr_00406238
0x00406244,0x00000008,data,wstr_00406244
0x0040624C,0x0000000C,data,wstr_0040624C
0x00406258,0x00000012,data,wstr_00406258
0x0040626C,0x00000020,data,wstr_0040626C
0x0040628C,0x00000016,data,wstr_0040628C
0x004062A4,0x0000000E,data,wstr_004062A4
0x004062B4,0x00000008,data,wstr_004062B4
0x004062BC,0x00000008,data,wstr_004062BC
0x004062C4,0x00000008,data,wstr_004062C4
0x004062CC,0x0000000A,data,wstr_004062CC
0x004062D8,0x00000008,data,wstr_004062D8
0x004062E0,0x00000012,data,wstr_004062E0
0x004062F4,0x00000008,data,wstr_004062F4
0x004062FC,0x0000000E,data,wstr_004062FC
0x0040630C,0x00000012,data,wstr_0040630C
0x00406320,0x00000014,data,wstr_00406320
0x00406334,0x00000012,data,wstr_00406334
0x00406348,0x0000000C,data,wstr_00406348
0x00406354,0x00000010,data,wstr_00406354
0x00406364,0x00000008,data,wstr_00406364
0x0040636C,0x0000000E,data,wstr_0040636C
0x0040637C,0x0000000E,data,wstr_0040637C
0x0040638C,0x00000012,data,wstr_0040638C
0x004063A0,0x0000000E,data,wstr_004063A0
0x004063B0,0x00000022,data,wstr_004063B0
0x004063D4,0x0000000E,data,wstr_004063D4
0x004063E4,0x0000000E,data,wstr_004063E4
0x004063F4,0x0000000C,data,wstr_004063F4
0x00406400,0x00000012,data,wstr_00406400
0x00406470,0x0000000E,data,wstr_00406470
0x00406480,0x00000008,data,wstr_00406480
0x00406490,0x00000010,data,wstr_00406490
0x004064D0,0x00000016,data,wstr_004064D0
0x004064E8,0x00000012,data,wstr_004064E8
0x004064FC,0x00000008,data,wstr_004064FC
0x00406514,0x0000000E,data,wstr_00406514
0x0040656C,0x00000008,data,wstr_0040656C
0x0040657C,0x00000008,data,wstr_0040657C
0x00406594,0x0000000A,data,wstr_00406594
0x004065A8,0x00000008,data,wstr_004065A8
0x00406650,0x00000004,data,str_00406650
0x0040665C,0x00000004,data,str_0040665C
0x00406668,0x00000004,data,str_00406668
0x00406674,0x00000004,data,str_00406674
0x00406680,0x00000004,data,str_00406680
0x0040668C,0x00000004,data,str_0040668C
0x00406698,0x00000004,data,str_00406698
0x004066A4,0x00000004,data,str_004066A4
0x004066B0,0x00000004,data,str_004066B0
0x004066BC,0x00000004,data,str_004066BC
0x004066C8,0x00000004,data,str_004066C8
0x004066D4,0x00000004,data,str_004066D4
0x00406794,0x00000004,data,str_00406794
0x004067A0,0x00000004,data,str_004067A0
0x004067AC,0x00000004,data,str_004067AC
0x004067B8,0x00000004,data,str_004067B8
0x004067C4,0x00000004,data,str_004067C4
0x004067D0,0x00000004,data,str_004067D0
0x004067DC,0x00000004,data,str_004067DC
0x004067E8,0x00000004,data,str_004067E8
0x004067F4,0x00000004,data,str_004067F4
0x00406800,0x00000004,data,str_00406800
0x0040680C,0x00000004,data,str_0040680C
0x00406884,0x00000004,data,str_00406884
0x00406890,0x00000004,data,str_00406890
0x0040689C,0x00000004,data,str_0040689C
0x004068A8,0x00000004,data,str_004068A8
0x0040691C,0x00000004,data,str_0040691C
0x00406938,0x00000004,data,str_00406938
0x004069C4,0x00000004,data,str_004069C4
0x004069E0,0x00000004,data,str_004069E0
0x00406A6C,0x00000004,data,str_00406A6C
0x00406A88,0x00000004,data,str_00406A88
0x00406AF8,0x00000004,data,str_00406AF8
0x00406B14,0x00000004,data,str_00406B14
0x00406B30,0x00000004,data,str_00406B30
0x00406BA0,0x00000004,data,str_00406BA0
0x00406BA4,0x00000004,data,str_00406BA4
0x00406BBC,0x00000004,data,str_00406BBC
0x00406BC0,0x00000004,data,str_00406BC0
0x00406BD8,0x00000004,data,str_00406BD8
0x00406C14,0x00000004,data,str_00406C14
0x00406C18,0x00000004,data,str_00406C18
0x00406C64,0x00000004,data,str_00406C64
0x00406C70,0x00000004,data,str_00406C70
0x00406C80,0x00000004,data,str_00406C80
0x00406C84,0x00000004,data,str_00406C84
0x00406C8C,0x00000004,data,str_00406C8C
0x00406CBC,0x00000004,data,str_00406CBC
0x00406D28,0x00000004,data,str_00406D28
0x00406D2C,0x00000004,data,str_00406D2C
0x00406D30,0x00000004,data,str_00406D30
0x00406D44,0x00000004,data,str_00406D44
0x00406D9C,0x00000004,data,str_00406D9C
0x00406DA0,0x00000004,data,str_00406DA0
0x00406E0C,0x00000004,data,str_00406E0C
0x00406E10,0x00000004,data,str_00406E10
0x00406E44,0x00000004,data,str_00406E44
0x00406E48,0x00000004,data,str_00406E48
0x00406E5C,0x00000004,data,str_00406E5C
0x00406E78,0x00000004,data,str_00406E78
0x00406E94,0x00000004,data,str_00406E94
0x00406EB0,0x00000004,data,str_00406EB0
0x00406ED0,0x00000004,data,str_00406ED0
0x00406F24,0x00000004,data,str_00406F24
0x00406F2C,0x00000004,data,str_00406F2C
0x00406F3C,0x00000004,data,str_00406F3C
0x00406F58,0x00000004,data,str_00406F58
0x00406F78,0x00000004,data,str_00406F78
0x00406F94,0x00000004,data,str_00406F94
0x00406FB0,0x00000004,data,str_00406FB0
0x00406FC8,0x00000004,data,str_00406FC8
0x00406FCC,0x00000004,data,str_00406FCC
0x00406FE8,0x00000004,data,str_00406FE8
0x00407004,0x00000004,data,str_00407004
0x0040700C,0x00000004,data,str_0040700C
0x00407028,0x00000004,data,str_00407028
0x00407038,0x00000004,data,str_00407038
0x0040703C,0x00000004,data,str_0040703C
0x00407044,0x00000004,data,str_00407044
0x00407134,0x00000004,data,str_00407134
0x00407170,0x00000004,data,str_00407170
0x004071C4,0x00000004,data,str_004071C4
0x004071CC,0x00000004,data,str_004071CC
0x004071FC,0x00000004,data,str_004071FC
0x00407204,0x00000004,data,str_00407204
0x00407214,0x00000004,data,str_00407214
0x00407234,0x00000004,data,str_00407234
0x00407250,0x00000004,data,str_00407250
0x00407268,0x00000004,data,str_00407268
0x004072A4,0x00000004,data,str_004072A4
0x004072BC,0x00000004,data,str_004072BC
0x004072DC,0x00000004,data,str_004072DC
0x004072F8,0x00000004,data,str_004072F8
0x00407314,0x00000004,data,str_00407314
0x00407330,0x00000004,data,str_00407330
0x0040734C,0x00000004,data,str_0040734C
0x00407380,0x00000004,data,str_00407380
0x00407384,0x00000004,data,str_00407384
0x0040739C,0x00000004,data,str_0040739C
0x004073A0,0x00000004,data,str_004073A0
0x004073B8,0x00000004,data,str_004073B8
0x004073BC,0x00000004,data,str_004073BC
0x004073D4,0x00000004,data,str_004073D4
0x004073D8,0x00000004,data,str_004073D8
0x00407410,0x00000004,data,str_00407410
0x00407480,0x00000004,data,str_00407480
0x004074B8,0x00000004,data,str_004074B8
0x004074EC,0x00000004,data,str_004074EC
0x004074F8,0x00000004,data,str_004074F8
0x00407508,0x00000004,data,str_00407508
0x00407514,0x00000004,data,str_00407514
0x00407524,0x00000004,data,str_00407524
0x00407560,0x00000004,data,str_00407560
0x00407578,0x00000004,data,str_00407578
0x00407598,0x00000004,data,str_00407598
0x004075B0,0x00000004,data,str_004075B0
0x004075B4,0x00000004,data,str_004075B4
0x00407694,0x00000004,data,str_00407694
0x00407698,0x00000004,data,str_00407698
0x0040769C,0x00000004,data,str_0040769C
0x004076E4,0x00000004,data,str_004076E4
0x004076F0,0x00000004,data,str_004076F0
0x00407700,0x00000004,data,str_00407700
0x00407704,0x00000004,data,str_00407704
0x00407708,0x00000004,data,str_00407708
0x0040773C,0x00000004,data,str_0040773C
0x00407740,0x00000004,data,str_00407740
0x004077A8,0x00000004,data,str_004077A8
0x004077AC,0x00000004,data,str_004077AC
0x004077C4,0x00000004,data,str_004077C4
0x004077C8,0x00000004,data,str_004077C8
0x004077E0,0x00000004,data,str_004077E0
0x004077E4,0x00000004,data,str_004077E4
0x004077FC,0x00000004,data,str_004077FC
0x00407840,0x00000004,data,str_00407840
0x00407844,0x00000004,data,str_00407844
0x00407850,0x00000004,data,str_00407850
0x0040788C,0x00000004,data,str_0040788C
0x004078A4,0x00000004,data,str_004078A4
0x004078C4,0x00000004,data,str_004078C4
0x004078C8,0x00000004,data,str_004078C8
0x004078CC,0x00000004,data,str_004078CC
0x004078DC,0x00000004,data,str_004078DC
0x00407900,0x00000004,data,str_00407900
0x00407920,0x00000004,data,str_00407920
0x00407934,0x00000004,data,str_00407934
0x0040794C,0x00000004,data,str_0040794C
0x004079A4,0x00000004,data,str_004079A4
0x004079AC,0x00000004,data,str_004079AC
0x004079B0,0x00000004,data,str_004079B0
0x004079F8,0x00000004,data,str_004079F8
0x00407A00,0x00000004,data,str_00407A00
0x00407A10,0x00000004,data,str_00407A10
0x00407A30,0x00000004,data,str_00407A30
0x00407A38,0x00000004,data,str_00407A38
0x00407A48,0x00000004,data,str_00407A48
0x00407A68,0x00000004,data,str_00407A68
0x00407A70,0x00000004,data,str_00407A70
0x00407A80,0x00000004,data,str_00407A80
0x00407A84,0x00000004,data,str_00407A84
0x00407AB8,0x00000004,data,str_00407AB8
0x00407ABC,0x00000004,data,str_00407ABC
0x00407AC4,0x00000004,data,str_00407AC4
0x00407AD4,0x00000004,data,str_00407AD4
0x00407AD8,0x00000004,data,str_00407AD8
0x00407AE0,0x00000004,data,str_00407AE0
0x00407B0C,0x00000004,data,str_00407B0C
0x00407B10,0x00000004,data,str_00407B10
0x00407B20,0x00000004,data,str_00407B20
0x00407B64,0x00000004,data,str_00407B64
0x00407B68,0x00000004,data,str_00407B68
0x00407B7C,0x00000004,data,str_00407B7C
0x00407B88,0x00000004,data,str_00407B88
0x00407B98,0x00000004,data,str_00407B98
0x00407B9C,0x00000004,data,str_00407B9C
0x00407BB8,0x00000004,data,str_00407BB8
0x00407BF0,0x00000004,data,str_00407BF0
0x00407BF4,0x00000004,data,str_00407BF4
0x00407C0C,0x00000004,data,str_00407C0C
0x00407C10,0x00000004,data,str_00407C10
0x00407C24,0x00000004,data,str_00407C24
0x00407C2C,0x00000004,data,str_00407C2C
0x00407C40,0x00000004,data,str_00407C40
0x00407C4C,0x00000004,data,str_00407C4C
0x00407C5C,0x00000004,data,str_00407C5C
0x00407C60,0x00000004,data,str_00407C60
0x00407C68,0x00000004,data,str_00407C68
0x00407C78,0x00000004,data,str_00407C78
0x00407C80,0x00000004,data,str_00407C80
0x00407C98,0x00000004,data,str_00407C98
0x00407CBC,0x00000004,data,str_00407CBC
0x00407CD0,0x00000004,data,str_00407CD0
0x00407CD8,0x00000004,data,str_00407CD8
0x00407CEC,0x00000004,data,str_00407CEC
0x00407D24,0x00000004,data,str_00407D24
0x00407D40,0x00000004,data,str_00407D40
0x00407D60,0x00000004,data,str_00407D60
0x00407D94,0x00000004,data,str_00407D94
0x00407DAC,0x00000004,data,str_00407DAC
0x00407DE4,0x00000004,data,str_00407DE4
0x00407E04,0x00000004,data,str_00407E04
0x00407E3C,0x00000004,data,str_00407E3C
0x00407E40,0x00000004,data,str_00407E40
0x00407E60,0x00000004,data,str_00407E60
0x00407E90,0x00000004,data,str_00407E90
0x00407E98,0x00000004,data,str_00407E98
0x00407EC4,0x00000004,data,str_00407EC4
0x00407EC8,0x00000004,data,str_00407EC8
0x00407ED0,0x00000004,data,str_00407ED0
0x00407EE0,0x00000004,data,str_00407EE0
0x00407EEC,0x00000004,data,str_00407EEC
0x00407F38,0x00000004,data,str_00407F38
0x00407F6C,0x00000004,data,str_00407F6C
0x00407F70,0x00000004,data,str_00407F70
0x00407F78,0x00000004,data,str_00407F78
0x00407F88,0x00000004,data,str_00407F88
0x00407F94,0x00000004,data,str_00407F94
0x00407FA4,0x00000004,data,str_00407FA4
0x00407FC4,0x00000004,data,str_00407FC4
0x00407FDC,0x00000004,data,str_00407FDC
0x00407FF8,0x00000004,data,str_00407FF8
0x004080A0,0x00000004,data,str_004080A0
0x004080BC,0x00000004,data,str_004080BC
0x004080C0,0x00000004,data,str_004080C0
0x004080D8,0x00000004,data,str_004080D8
0x004080DC,0x00000004,data,str_004080DC
0x004080F4,0x00000004,data,str_004080F4
0x004080F8,0x00000004,data,str_004080F8
0x004080FC,0x00000004,data,str_004080FC
0x00408110,0x00000004,data,str_00408110
0x004081A0,0x00000004,data,str_004081A0
0x004081D4,0x00000004,data,str_004081D4
0x004081E0,0x00000004,data,str_004081E0
0x004081F0,0x00000004,data,str_004081F0
0x004081FC,0x00000004,data,str_004081FC
0x0040820C,0x00000004,data,str_0040820C
0x00408210,0x00000004,data,str_00408210
0x00408260,0x00000004,data,str_00408260
0x00408264,0x00000004,data,str_00408264
0x00408280,0x00000004,data,str_00408280
0x0040829C,0x00000004,data,str_0040829C
0x004082B4,0x00000004,data,str_004082B4
0x004082B8,0x00000004,data,str_004082B8
0x004082D4,0x00000004,data,str_004082D4
0x004082EC,0x00000004,data,str_004082EC
0x004082F0,0x00000004,data,str_004082F0
0x0040830C,0x00000004,data,str_0040830C
0x00408324,0x00000004,data,str_00408324
0x00408398,0x00000004,data,str_00408398
0x004083A0,0x00000004,data,str_004083A0
0x004083B0,0x00000004,data,str_004083B0
0x004083B4,0x00000004,data,str_004083B4
0x004083CC,0x00000004,data,str_004083CC
0x004083D0,0x00000004,data,str_004083D0
0x00408424,0x00000004,data,str_00408424
0x00408440,0x00000004,data,str_00408440
0x00408478,0x00000004,data,str_00408478
0x00408480,0x00000004,data,str_00408480
0x00408490,0x00000004,data,str_00408490
0x004084B8,0x00000004,data,str_004084B8
0x004084C8,0x00000004,data,str_004084C8
0x004084CC,0x00000004,data,str_004084CC
0x004084D4,0x00000004,data,str_004084D4
0x004084E4,0x00000004,data,str_004084E4
0x004084E8,0x00000004,data,str_004084E8
0x00408520,0x00000004,data,str_00408520
0x00408528,0x00000004,data,str_00408528
0x00408538,0x00000004,data,str_00408538
0x00408554,0x00000004,data,str_00408554
0x004085A8,0x00000004,data,str_004085A8
0x00408634,0x00000004,data,str_00408634
0x0040866C,0x00000004,data,str_0040866C
0x004086A8,0x00000004,data,str_004086A8
0x00408B4C,0x00000028,data,wstr_00408B4C
0x00408B80,0x00000024,data,wstr_00408B80
0x00408BB4,0x0000000A,data,wstr_00408BB4
0x00408BC8,0x00000014,data,wstr_00408BC8
0x00408BDC,0x00000012,data,wstr_00408BDC
0x00408BF0,0x0000000A,data,wstr_00408BF0
0x00408BFC,0x00000010,data,wstr_00408BFC
0x00408C14,0x00000016,data,wstr_00408C14
0x00408C4C,0x0000000A,data,wstr_00408C4C
0x00408CE0,0x0000001C,data,wstr_00408CE0
0x00408CFC,0x0000001E,data,wstr_00408CFC
0x00408D1C,0x00000008,data,wstr_00408D1C
0x00408D28,0x00000018,data,wstr_00408D28
0x00408D44,0x00000008,data,wstr_00408D44
0x00408D4C,0x00000008,data,wstr_00408D4C
0x00408D54,0x00000008,data,wstr_00408D54
0x00408D70,0x00000018,data,wstr_00408D70
0x00408D88,0x00000012,data,wstr_00408D88
0x00408DA0,0x00000014,data,wstr_00408DA0
0x00408DB4,0x00000008,data,wstr_00408DB4
0x00408EA8,0x00000012,data,wstr_00408EA8
0x00408EBC,0x0000000A,data,wstr_00408EBC
0x00408F98,0x0000000A,data,wstr_00408F98
0x00408FA4,0x0000000A,data,wstr_00408FA4
0x00408FB0,0x00000008,data,wstr_00408FB0
0x00408FB8,0x00000008,data,wstr_00408FB8
0x00408FC0,0x0000000A,data,wstr_00408FC0
0x00408FDC,0x00000008,data,wstr_00408FDC
0x00409030,0x0000000A,data,wstr_00409030
0x00409048,0x0000000A,data,wstr_00409048
0x00409058,0x00000016,data,wstr_00409058
0x00409070,0x0000000A,data,wstr_00409070
0x00409080,0x00000016,data,wstr_00409080
0x004090A4,0x00000012,data,wstr_004090A4
0x004090B8,0x00000008,data,wstr_004090B8
0x004090C4,0x00000014,data,wstr_004090C4
0x004090D8,0x00000010,data,wstr_004090D8
0x004090EA,0x0000001C,data,wstr_004090EA
0x0040911C,0x00000034,data,wstr_0040911C
0x0040915C,0x00000010,data,wstr_0040915C
0x00409170,0x00000010,data,wstr_00409170
0x00409180,0x00000016,data,wstr_00409180
0x00409198,0x0000000C,data,wstr_00409198
0x004091A4,0x00000008,data,wstr_004091A4
0x004091AC,0x00000008,data,wstr_004091AC
0x004091B8,0x0000004E,data,wstr_004091B8
0x00409228,0x0000000C,data,wstr_00409228
0x00409234,0x0000000A,data,wstr_00409234
0x00409240,0x00000018,data,wstr_00409240
0x00409258,0x00000008,data,wstr_00409258
0x00409260,0x0000001C,data,wstr_00409260
0x0040927C,0x00000008,data,wstr_0040927C
0x00409284,0x00000008,data,wstr_00409284
0x00409298,0x00000026,data,wstr_00409298
0x004092C0,0x00000008,data,wstr_004092C0
0x004092CC,0x00000017,data,str_004092CC
0x004092E4,0x0000000A,data,wstr_004092E4
0x004092F0,0x0000000E,data,wstr_004092F0
0x00409300,0x0000000A,data,wstr_00409300
0x0040930C,0x00000012,data,wstr_0040930C
0x00409320,0x00000008,data,wstr_00409320
0x00409328,0x00000052,data,wstr_00409328
0x0040937C,0x00000024,data,wstr_0040937C
0x004093A0,0x00000008,data,wstr_004093A0
0x004093A8,0x0000001A,data,wstr_004093A8
0x004093D0,0x00000052,data,wstr_004093D0
0x00409428,0x0000005A,data,wstr_00409428
0x00409488,0x00000014,data,wstr_00409488
0x00409508,0x00000010,data,wstr_00409508
0x00409518,0x00000010,data,wstr_00409518
0x00409528,0x00000010,data,wstr_00409528
0x00409538,0x0000000E,data,wstr_00409538
0x00409548,0x00000010,data,wstr_00409548
0x00409560,0x00000056,data,wstr_00409560
0x004095B8,0x00000008,data,wstr_004095B8
0x004095C0,0x0000001E,data,wstr_004095C0
0x004095E0,0x00000012,data,wstr_004095E0
0x004096D0,0x00000010,data,wstr_004096D0
0x004096E0,0x00000008,data,wstr_004096E0
0x00409740,0x00000008,data,wstr_00409740
0x00409748,0x00000008,data,wstr_00409748
0x0040975C,0x00000008,data,wstr_0040975C
0x00409764,0x0000000C,data,wstr_00409764
0x00409788,0x00000010,data,wstr_00409788
0x00409798,0x00000008,data,wstr_00409798
0x004097A8,0x00000050,data,wstr_004097A8
0x00409878,0x0000000C,data,wstr_00409878
0x00409884,0x00000010,data,wstr_00409884
0x004098AC,0x00000014,data,wstr_004098AC
0x004098C0,0x0000002C,data,??_C@_1CM@GNPAEGKD@?$AA_?$AAC?$AAl?$AAo?$AAs?$AAe?$AAT?$AAy?$AAp?$AAe?$AAS?$AAe?$AAr?$AAv?$AAe?$AAr?$AAP?$AAD?$AAB?$AA?$EA?$AA0?$AA?$AA@
0x004098EC,0x00000016,data,??_C@_0BG@EFNILPBF@_CloseTypeServerPDB?$EA0?$AA@
0x00409904,0x0000002A,data,wstr_00409904
0x00409930,0x00000030,data,wstr_00409930
0x00409960,0x00000015,data,str_00409960
0x00409978,0x00000018,data,str_00409978
0x00409990,0x0000004E,data,??_C@_1EO@GNHAOJHK@?$AAe?$AA?3?$AA?2?$AAb?$AAt?$AA?2?$AA2?$AA7?$AA8?$AA3?$AA7?$AA9?$AA?2?$AAv?$AAc?$AAt?$AAo?$AAo?$AAl?$AAs?$AA?2?$AAc?$AAo?$AAm?$AAp?$AAi?$AAl?$AAe?$AAr?$AA?2?$AAc?$AAl@
0x004099E0,0x00000010,data,wstr_004099E0
0x004099F0,0x00000058,data,wstr_004099F0
0x00409A50,0x00000008,data,wstr_00409A50
0x00409A58,0x00000012,data,wstr_00409A58
0x00409A70,0x00000050,data,??_C@_1FA@CBGIBPOD@?$AAe?$AA?3?$AA?2?$AAb?$AAt?$AA?2?$AA2?$AA7?$AA8?$AA3?$AA7?$AA9?$AA?2?$AAv?$AAc?$AAt?$AAo?$AAo?$AAl?$AAs?$AA?2?$AAc?$AAo?$AAm?$AAp?$AAi?$AAl?$AAe?$AAr?$AA?2?$AAc?$AAl@
0x00409AD6,0x00000056,data,wstr_00409AD6
0x00409B2C,0x00000024,data,wstr_00409B2C
0x00409B50,0x0000000C,data,wstr_00409B50
0x00409B5C,0x0000001C,data,wstr_00409B5C
0x00409B78,0x00000012,data,wstr_00409B78
0x00409B8C,0x00000026,data,wstr_00409B8C
0x00409BB4,0x00000014,data,wstr_00409BB4
0x00409BC8,0x0000000E,data,wstr_00409BC8
0x00409BD8,0x0000000E,data,wstr_00409BD8
0x00409C28,0x00000018,data,wstr_00409C28
0x00409C40,0x00000014,data,wstr_00409C40
0x00409E80,0x0000000C,data,wstr_00409E80
0x00409E8C,0x0000001E,data,wstr_00409E8C
0x00409EAC,0x0000002C,data,wstr_00409EAC
0x00409ED8,0x0000000C,data,wstr_00409ED8
0x00409EE4,0x0000002E,data,wstr_00409EE4
0x0040A0B8,0x0000002C,data,wstr_0040A0B8
0x0040A0F8,0x00000024,data,wstr_0040A0F8
0x0040A16C,0x00000024,data,wstr_0040A16C
0x0040A210,0x00000007,data,str_0040A210
0x0040A217,0x0000002A,data,str_0040A217
0x0040A339,0x00000004,data,str_0040A339
0x0040A35F,0x00000004,data,str_0040A35F
0x0040A3A2,0x00000004,data,str_0040A3A2
0x0040A3C8,0x00000004,data,str_0040A3C8
0x0040A411,0x00000005,data,str_0040A411
0x0040A599,0x00000004,data,str_0040A599
0x0040A814,0x00000006,data,str_0040A814
0x0040BC04,0x00000005,data,str_0040BC04
0x0040BDE9,0x00000004,data,str_0040BDE9
0x0040C326,0x00000004,data,str_0040C326
0x0040C3CE,0x00000005,data,str_0040C3CE
0x0040CA92,0x00000004,data,str_0040CA92
0x0040CF8B,0x00000004,data,str_0040CF8B
0x0040D14E,0x00000004,data,str_0040D14E
0x0040D29A,0x00000004,data,str_0040D29A
0x0040D611,0x00000006,data,str_0040D611
0x0040DDF7,0x00000005,data,str_0040DDF7
0x0040DE41,0x00000005,data,str_0040DE41
0x0040DF1C,0x00000005,data,str_0040DF1C
0x0040DF40,0x00000004,data,str_0040DF40
0x0040DF64,0x00000005,data,str_0040DF64
0x0040E06B,0x00000004,data,str_0040E06B
0x0040E22F,0x00000004,data,str_0040E22F
0x0040E264,0x00000004,data,str_0040E264
0x0040E410,0x00000005,data,str_0040E410
0x0040EB3E,0x00000004,data,str_0040EB3E
0x0040F21B,0x00000004,data,str_0040F21B
0x0040F470,0x00000005,data,str_0040F470
0x0040F48B,0x00000004,data,str_0040F48B
0x0040F532,0x00000004,data,str_0040F532
0x0040F568,0x00000004,data,str_0040F568
0x0040F71D,0x00000006,data,str_0040F71D
0x00410508,0x00000004,data,str_00410508
0x0041075F,0x00000004,data,str_0041075F
0x00410891,0x00000004,data,str_00410891
0x0041093A,0x00000004,data,str_0041093A
0x00410961,0x00000004,data,str_00410961
0x004110F7,0x00000006,data,str_004110F7
0x0041155F,0x00000004,data,str_0041155F
0x00412599,0x00000004,data,str_00412599
0x00413212,0x00000008,data,wstr_00413212
0x0041429C,0x00000005,data,str_0041429C
0x00414650,0x00000007,data,str_00414650
0x00414685,0x00000006,data,str_00414685
0x004147BC,0x00000004,data,str_004147BC
0x00414EA6,0x00000005,data,str_00414EA6
0x00414F55,0x00000007,data,str_00414F55
0x004150AD,0x00000005,data,str_004150AD
0x00415489,0x00000005,data,str_00415489
0x00415791,0x00000004,data,str_00415791
0x00415BDF,0x00000005,data,str_00415BDF
0x00415F66,0x00000005,data,str_00415F66
0x00415FEC,0x00000004,data,str_00415FEC
0x00416358,0x00000005,data,str_00416358
0x004163C4,0x00000004,data,str_004163C4
0x00416408,0x00000004,data,str_00416408
0x00416464,0x00000004,data,str_00416464
0x00416468,0x00000004,data,str_00416468
0x00416484,0x00000004,data,str_00416484
0x00416488,0x00000004,data,str_00416488
0x0041683E,0x0000000F,data,str_0041683E
0x00416850,0x00000007,data,str_00416850
0x0041685A,0x00000008,data,str_0041685A
0x00416864,0x00000008,data,str_00416864
0x0041686E,0x00000007,data,str_0041686E
0x00416878,0x00000009,data,str_00416878
0x00416884,0x00000008,data,str_00416884
0x0041688E,0x00000005,data,str_0041688E
0x00416896,0x00000008,data,str_00416896
0x004168A0,0x00000007,data,str_004168A0
0x004168AA,0x00000007,data,str_004168AA
0x004168B4,0x0000000B,data,str_004168B4
0x004168C2,0x0000000D,data,str_004168C2
0x004168D2,0x00000009,data,str_004168D2
0x004168DE,0x0000000B,data,str_004168DE
0x004168EC,0x00000009,data,str_004168EC
0x004168F8,0x00000009,data,str_004168F8
0x00416904,0x0000000E,data,str_00416904
0x00416914,0x00000008,data,str_00416914
0x0041691E,0x0000000A,data,str_0041691E
0x0041692A,0x00000008,data,str_0041692A
0x00416934,0x00000009,data,str_00416934
0x00416940,0x00000009,data,str_00416940
0x0041694C,0x00000007,data,str_0041694C
0x00416956,0x00000007,data,str_00416956
0x00416960,0x00000007,data,str_00416960
0x0041696A,0x00000006,data,str_0041696A
0x00416972,0x00000009,data,str_00416972
0x0041697E,0x00000009,data,str_0041697E
0x0041698A,0x0000000B,data,str_0041698A
0x00416998,0x00000005,data,str_00416998
0x004169A0,0x00000005,data,str_004169A0
0x004169A8,0x00000006,data,str_004169A8
0x004169B0,0x00000006,data,str_004169B0
0x004169B8,0x00000009,data,str_004169B8
0x004169C4,0x00000006,data,str_004169C4
0x004169CC,0x00000007,data,str_004169CC
0x004169D6,0x0000000A,data,str_004169D6
0x004169E2,0x0000000B,data,str_004169E2
0x004169F0,0x0000000D,data,str_004169F0
0x00416A00,0x0000000A,data,str_00416A00
0x00416A0C,0x00000006,data,str_00416A0C
0x00416A14,0x0000000A,data,str_00416A14
0x00416A20,0x0000000A,data,str_00416A20
0x00416A2C,0x0000000B,data,str_00416A2C
0x00416A3A,0x00000009,data,str_00416A3A
0x00416A46,0x00000007,data,str_00416A46
0x00416A50,0x00000007,data,str_00416A50
0x00416A5A,0x00000008,data,str_00416A5A
0x00416A64,0x0000000F,data,str_00416A64
0x00416A76,0x00000008,data,str_00416A76
0x00416A80,0x0000000B,data,str_00416A80
0x00416A8E,0x00000007,data,str_00416A8E
0x00416A98,0x00000007,data,str_00416A98
0x00416AA2,0x0000000B,data,str_00416AA2
0x00416AB0,0x0000000A,data,str_00416AB0
0x00416ABC,0x0000000A,data,str_00416ABC
0x00416AC8,0x00000006,data,str_00416AC8
0x00416AD0,0x00000006,data,str_00416AD0
0x00416AD8,0x00000008,data,str_00416AD8
0x00416AE2,0x0000000A,data,str_00416AE2
0x00416AEE,0x00000007,data,str_00416AEE
0x00416AF8,0x00000008,data,str_00416AF8
0x00416B02,0x0000000A,data,str_00416B02
0x00416B0E,0x00000007,data,str_00416B0E
0x00416B18,0x0000000A,data,str_00416B18
0x00416B24,0x0000000B,data,str_00416B24
0x00416B32,0x0000000A,data,str_00416B32
0x00416B3E,0x0000000B,data,str_00416B3E
0x00416B4C,0x0000000F,data,str_00416B4C
0x00416B5E,0x00000007,data,str_00416B5E
0x00416B68,0x00000006,data,str_00416B68
0x00416B70,0x0000000C,data,str_00416B70
0x00416B7E,0x0000000B,data,str_00416B7E
0x00416B8C,0x0000000A,data,str_00416B8C
0x00416B98,0x0000000C,data,str_00416B98
0x00416BA6,0x00000014,data,str_00416BA6
0x00416BBC,0x00000011,data,str_00416BBC
0x00416BD0,0x00000009,data,str_00416BD0
0x00416BDC,0x00000007,data,str_00416BDC
0x00416BE6,0x0000000F,data,str_00416BE6
0x00416BF6,0x0000000D,data,str_00416BF6
0x00416C06,0x00000008,data,str_00416C06
0x00416C10,0x0000000C,data,str_00416C10
0x00416C1E,0x00000006,data,str_00416C1E
0x00416C26,0x00000008,data,str_00416C26
0x00416C30,0x00000018,data,str_00416C30
0x00416C4A,0x00000012,data,str_00416C4A
0x00416C5E,0x0000000F,data,str_00416C5E
0x00416C70,0x0000000D,data,str_00416C70
0x00416C80,0x00000013,data,str_00416C80
0x00416C96,0x00000015,data,str_00416C96
0x00416CAE,0x0000000F,data,str_00416CAE
0x00416CC0,0x00000014,data,str_00416CC0
0x00416CD4,0x0000000D,data,str_00416CD4
0x00416CE4,0x00000014,data,str_00416CE4
0x00416CFA,0x0000000D,data,str_00416CFA
0x00416D0A,0x00000010,data,str_00416D0A
0x00416D1C,0x00000018,data,str_00416D1C
0x00416D36,0x0000000F,data,str_00416D36
0x00416D48,0x0000000C,data,str_00416D48
0x00416D56,0x0000000D,data,str_00416D56
0x00416D66,0x00000013,data,str_00416D66
0x00416D7C,0x00000011,data,str_00416D7C
0x00416D90,0x00000012,data,str_00416D90
0x00416DA4,0x0000000D,data,str_00416DA4
0x00416DB4,0x0000000D,data,str_00416DB4
0x00416DC4,0x0000000D,data,str_00416DC4
0x00416DD4,0x0000000E,data,str_00416DD4
0x00416DE4,0x0000000D,data,str_00416DE4
0x00416DF4,0x00000013,data,str_00416DF4
0x00416E0A,0x00000014,data,str_00416E0A
0x00416E20,0x0000000F,data,str_00416E20
0x00416E32,0x0000000C,data,str_00416E32
0x00416E40,0x00000014,data,str_00416E40
0x00416E56,0x00000013,data,str_00416E56
0x00416E6C,0x0000000A,data,str_00416E6C
0x00416E78,0x00000007,data,str_00416E78
0x00416E82,0x0000000C,data,str_00416E82
0x00416E90,0x0000000D,data,str_00416E90
0x00416EA0,0x0000000E,data,str_00416EA0
0x00416EB0,0x0000000F,data,str_00416EB0
0x00416EC2,0x00000016,data,str_00416EC2
0x00416EDA,0x0000000C,data,str_00416EDA
0x00416EE8,0x0000001B,data,str_00416EE8
0x00416F06,0x0000000C,data,str_00416F06
0x00416F14,0x0000000A,data,str_00416F14
0x00416F20,0x0000000E,data,str_00416F20
0x00416F30,0x0000000F,data,str_00416F30
0x00416F42,0x0000000F,data,str_00416F42
0x00416F54,0x00000019,data,str_00416F54
0x00416F70,0x00000013,data,str_00416F70
0x00416F86,0x00000018,data,str_00416F86
0x00416FA0,0x0000000D,data,str_00416FA0
0x00416FB0,0x00000014,data,str_00416FB0
0x00416FC6,0x0000000F,data,str_00416FC6
0x00416FD8,0x0000000A,data,str_00416FD8
0x00416FE4,0x0000000F,data,str_00416FE4
0x00416FF6,0x00000011,data,str_00416FF6
0x0041700A,0x00000006,data,str_0041700A
0x00417012,0x0000001A,data,str_00417012
0x0041702E,0x00000016,data,str_0041702E
0x00417046,0x00000015,data,str_00417046
0x0041705E,0x00000015,data,str_0041705E
0x00417076,0x0000000B,data,str_00417076
0x00417084,0x00000017,data,str_00417084
0x0041709E,0x0000000D,data,str_0041709E
0x004170AE,0x00000009,data,str_004170AE
0x004170BA,0x00000017,data,str_004170BA
0x004170D4,0x00000015,data,str_004170D4
0x004170EC,0x00000012,data,str_004170EC
0x00417100,0x0000000F,data,str_00417100
0x00417112,0x00000010,data,str_00417112
0x00417124,0x0000000D,data,str_00417124
0x00417134,0x00000010,data,str_00417134
0x00417146,0x0000000B,data,str_00417146
0x00417154,0x00000014,data,str_00417154
0x0041716A,0x0000001B,data,str_0041716A
0x00417188,0x0000000E,data,str_00417188
0x00417198,0x0000000E,data,str_00417198
0x004171A8,0x0000001C,data,str_004171A8
0x004171C6,0x00000018,data,str_004171C6
0x004171E0,0x0000000D,data,str_004171E0
0x004171F0,0x00000013,data,str_004171F0
0x00417206,0x00000018,data,str_00417206
0x00417220,0x00000019,data,str_00417220
0x0041723C,0x00000012,data,str_0041723C
0x00417250,0x0000001A,data,str_00417250
0x0041726A,0x0000000D,data,str_0041726A
0x0041727A,0x00000013,data,str_0041727A
0x0041728E,0x0000000A,data,str_0041728E
0x0041729A,0x0000000F,data,str_0041729A
0x004172AC,0x00000014,data,str_004172AC
0x004172C2,0x00000018,data,str_004172C2
0x004172DA,0x0000000C,data,str_004172DA
0x004172E8,0x0000002B,data,str_004172E8
0x00417314,0x0000000C,data,str_00417314
0x00418000,0x0000001E,data,wstr_00418000
0x00418038,0x00000018,data,wstr_00418038
0x00418838,0x0000002E,data,wstr_00418838
0x00419048,0x00000004,data,str_00419048
0x0041904C,0x00000004,data,str_0041904C
0x00419050,0x00000004,data,str_00419050
0x00419080,0x00000004,data,str_00419080
0x00419084,0x00000004,data,str_00419084
0x00419088,0x00000004,data,str_00419088
0x0041908C,0x00000004,data,str_0041908C
0x00419090,0x00000004,data,str_00419090
0x00419094,0x00000004,data,str_00419094
0x004190B0,0x00000004,data,str_004190B0
0x004190B4,0x00000004,data,str_004190B4
0x004190B8,0x00000004,data,str_004190B8
0x004190BC,0x00000004,data,str_004190BC
0x004190C0,0x00000004,data,str_004190C0
0x00419156,0x00000008,data,wstr_00419156
0x00419176,0x00000008,data,wstr_00419176
0x004191D6,0x00000008,data,wstr_004191D6
0x004191F6,0x00000008,data,wstr_004191F6
0x00419216,0x00000008,data,wstr_00419216
0x00419236,0x00000008,data,wstr_00419236
0x00419320,0x00000004,data,str_00419320
0x00419338,0x00000004,data,str_00419338
0x0041935C,0x00000004,data,str_0041935C
0x00419404,0x00000004,data,str_00419404
0x00419438,0x0000000A,data,wstr_00419438
0x0041944C,0x00000008,data,wstr_0041944C
0x0041801E,0x00000002,data,data_0041801E
0x00418020,0x00000018,data,data_00418020
0x00418050,0x00000100,data,data_00418050
0x00418150,0x00000100,data,data_00418150
0x00418250,0x00000100,data,data_00418250
0x00418350,0x00000100,data,data_00418350
0x00418450,0x00000100,data,data_00418450
0x00418550,0x00000100,data,data_00418550
0x00418650,0x00000100,data,data_00418650
0x00418750,0x000000E8,data,data_00418750
0x00418866,0x00000100,data,data_00418866
0x00418966,0x00000100,data,data_00418966
0x00418A66,0x00000100,data,data_00418A66
0x00418B66,0x00000100,data,data_00418B66
0x00418C66,0x00000100,data,data_00418C66
0x00418D66,0x00000100,data,data_00418D66
0x00418E66,0x00000100,data,data_00418E66
0x00418F66,0x000000D2,data,data_00418F66
0x00419038,0x00000010,data,data_00419038
0x00419054,0x0000002C,data,data_00419054
0x00419098,0x00000018,data,data_00419098
0x004190C4,0x00000007,data,data_004190C4
0x004190CB,0x00000005,data,data_004190CB
0x004190D0,0x00000003,data,data_004190D0
0x004190D3,0x00000005,data,data_004190D3
0x004190D8,0x00000003,data,data_004190D8
0x004190DB,0x00000005,data,data_004190DB
0x004190E0,0x00000003,data,data_004190E0
0x004190E3,0x00000005,data,data_004190E3
0x004190E8,0x00000003,data,data_004190E8
0x004190EB,0x0000000D,data,data_004190EB
0x004190F8,0x00000005,data,data_004190F8
0x004190FD,0x00000013,data,data_004190FD
0x00419110,0x0000000D,data,data_00419110
0x0041911D,0x00000013,data,data_0041911D
0x00419130,0x0000000D,data,data_00419130
0x0041913D,0x00000013,data,data_0041913D
0x00419150,0x00000006,data,data_00419150
0x0041915E,0x00000012,data,data_0041915E
0x00419170,0x00000006,data,data_00419170
0x0041917E,0x00000012,data,data_0041917E
0x00419190,0x00000003,data,data_00419190
0x00419193,0x00000005,data,data_00419193
0x00419198,0x00000003,data,data_00419198
0x0041919B,0x00000015,data,data_0041919B
0x004191B0,0x00000003,data,data_004191B0
0x004191B3,0x00000005,data,data_004191B3
0x004191B8,0x00000003,data,data_004191B8
0x004191BB,0x00000015,data,data_004191BB
0x004191D0,0x00000006,data,data_004191D0
0x004191DE,0x00000012,data,data_004191DE
0x004191F0,0x00000006,data,data_004191F0
0x004191FE,0x00000016,data,data_004191FE
0x00419214,0x00000002,data,data_00419214
0x0041921E,0x00000012,data,data_0041921E
0x00419230,0x00000006,data,data_00419230
0x0041923E,0x00000012,data,data_0041923E
0x00419250,0x0000000D,data,data_00419250
0x0041925D,0x00000013,data,data_0041925D
0x00419270,0x00000003,data,data_00419270
0x00419273,0x00000005,data,data_00419273
0x00419278,0x00000005,data,data_00419278
0x0041927D,0x00000013,data,data_0041927D
0x00419290,0x00000003,data,data_00419290
0x00419293,0x00000005,data,data_00419293
0x00419298,0x00000005,data,data_00419298
0x0041929D,0x00000013,data,data_0041929D
0x004192B0,0x00000003,data,data_004192B0
0x004192B3,0x00000005,data,data_004192B3
0x004192B8,0x00000005,data,data_004192B8
0x004192BD,0x00000013,data,data_004192BD
0x004192D0,0x00000049,data,data_004192D0
0x00419319,0x00000006,data,data_00419319
0x0041931F,0x00000001,data,data_0041931F
0x00419324,0x00000003,data,data_00419324
0x00419327,0x00000005,data,data_00419327
0x0041932C,0x00000007,data,data_0041932C
0x00419333,0x00000005,data,data_00419333
0x0041933C,0x00000003,data,data_0041933C
0x0041933F,0x00000005,data,data_0041933F
0x00419344,0x00000007,data,data_00419344
0x0041934B,0x00000005,data,data_0041934B
0x00419350,0x00000007,data,data_00419350
0x00419357,0x00000005,data,data_00419357
0x00419360,0x00000003,data,data_00419360
0x00419363,0x00000005,data,data_00419363
0x00419368,0x00000007,data,data_00419368
0x0041936F,0x00000005,data,data_0041936F
0x00419374,0x00000007,data,data_00419374
0x0041937B,0x00000005,data,data_0041937B
0x00419380,0x00000007,data,data_00419380
0x00419387,0x00000005,data,data_00419387
0x0041938C,0x00000007,data,data_0041938C
0x00419393,0x00000005,data,data_00419393
0x00419398,0x00000007,data,data_00419398
0x0041939F,0x00000005,data,data_0041939F
0x004193A4,0x00000007,data,data_004193A4
0x004193AB,0x00000005,data,data_004193AB
0x004193B0,0x00000007,data,data_004193B0
0x004193B7,0x00000005,data,data_004193B7
0x004193BC,0x00000007,data,data_004193BC
0x004193C3,0x00000005,data,data_004193C3
0x004193C8,0x00000007,data,data_004193C8
0x004193CF,0x00000005,data,data_004193CF
0x004193D4,0x00000007,data,data_004193D4
0x004193DB,0x00000005,data,data_004193DB
0x004193E0,0x00000007,data,data_004193E0
0x004193E7,0x00000005,data,data_004193E7
0x004193EC,0x00000007,data,data_004193EC
0x004193F3,0x00000005,data,data_004193F3
0x004193F8,0x00000007,data,data_004193F8
0x004193FF,0x00000005,data,data_004193FF
0x00419408,0x00000003,data,data_00419408
0x0041940B,0x00000005,data,data_0041940B
0x00419410,0x00000007,data,data_00419410
0x00419417,0x00000005,data,data_00419417
0x0041941C,0x00000007,data,data_0041941C
0x00419423,0x00000005,data,data_00419423
0x00419428,0x00000003,data,data_00419428
0x0041942B,0x00000009,data,data_0041942B
0x00419434,0x00000004,data,data_00419434
0x00419442,0x00000002,data,data_00419442
0x00419444,0x00000008,data,data_00419444
0x00419454,0x00000049,data,data_00419454
0x0041949D,0x00000100,data,data_0041949D
0x0041959D,0x00000100,data,data_0041959D
0x0041969D,0x00000100,data,data_0041969D
0x0041979D,0x00000100,data,data_0041979D
0x0041989D,0x00000100,data,data_0041989D
0x0041999D,0x00000100,data,data_0041999D
0x00419A9D,0x00000100,data,data_00419A9D
0x00419B9D,0x00000100,data,data_00419B9D
0x00419C9D,0x00000100,data,data_00419C9D
0x00419D9D,0x00000100,data,data_00419D9D
0x00419E9D,0x00000100,data,data_00419E9D
0x00419F9D,0x00000100,data,data_00419F9D
0x0041A09D,0x00000100,data,data_0041A09D
0x0041A19D,0x00000100,data,data_0041A19D
0x0041A29D,0x00000100,data,data_0041A29D
0x0041A39D,0x00000100,data,data_0041A39D
0x0041A49D,0x00000100,data,data_0041A49D
0x0041A59D,0x00000100,data,data_0041A59D
0x0041A69D,0x00000100,data,data_0041A69D
0x0041A79D,0x00000100,data,data_0041A79D
0x0041A89D,0x00000100,data,data_0041A89D
0x0041A99D,0x00000100,data,data_0041A99D
0x0041AA9D,0x00000100,data,data_0041AA9D
0x0041AB9D,0x00000100,data,data_0041AB9D
0x0041AC9D,0x00000100,data,data_0041AC9D
0x0041AD9D,0x00000100,data,data_0041AD9D
0x0041AE9D,0x00000100,data,data_0041AE9D
0x0041AF9D,0x00000100,data,data_0041AF9D
0x0041B09D,0x00000100,data,data_0041B09D
0x0041B19D,0x00000100,data,data_0041B19D
0x0041B29D,0x00000100,data,data_0041B29D
0x0041B39D,0x0000002B,data,data_0041B39D
